Workbook

Sheet Tabelle1
A1: General data | G1: Sandwich | M1: Femtika | N1: Femtika settings | AD1: Washing | AG1: Drying | AJ1: Imaging | AO1: Sintering | AS1: OpenBIS
A2: Print # | B2: Code | C2: Print date | D2: Name | E2: Design | F2: 3DPoli path | G2: Resin | H2: Resin ID | I2: Substrate | J2: Substrate ID | K2: Spacer | M2: F path | N2: zmin | O2: zmax | P2: max z height [µm] | Q2: xmin | R2: xmax | S2: max x height [µm] | T2: ymin | U2: ymax | V2: max y height [µm] | W2: Lense | X2: R | Y2: Max power from calibration | Z2: Infinite FOV | AA2: Tilt alpha degree | AB2: Tilt beta degree | AC2: Tilt compensation | AD2: Washing date | AE2: Person | AF2: Washing solvent | AG2: CPD date | AH2: Person | AI2: CPD program | AJ2: SEM green state | AK2: SEM sintered | AL2: LiMi green state | AM2: LiMi sintered | AN2: Person | AO2: Sintering Date | AP2: Furnace | AQ2: Furnace ID | AR2: Profile Path | AS2: upload | AT2: uploaded | AU2: Comments
A3: =TEXT(C3,"jjjj")&TEXT(C3,"MM")&TEXT(C3,"tt")&"_"&"2PP_"&E3 -> 20260303_2PP_Text und BAM Logo | B3: 2PP-000001 | C3: 46084 | D3: alinden | E3: Text und BAM Logo | F3: \\GFS02\G42b\54LaufendePROJEKTE\PROJECTS\2025_VH5041_TransNanoAF\2PP\Experimente chronologisch\20260303_Array mit Text Logo und QR Code-fix2.txt | G3: 20260205 3YSZ 78w% | H3: =IFERROR(VLOOKUP(G3,Stammdaten!$I$2:$J$4,2,FALSE),"") -> 20260205131700798-40543 | I3: UV-Sheet 9 vom 03.02.2026 | J3: 20260203153656357-40208 | K3: 3 Tapes | W3: 63 x 1.4 | X3: 9000 | AD3: 46091 | AE3: alinden | AF3: Isopropanol | AG3: 46101 | AH3: alinden | AI3: 1 | AK3: 46126 | AL3: 46101 | AM3: 46121 | AN3: alinden | AO3: 46101 | AP3: LinnTherm 10 | AQ3: =IFERROR(VLOOKUP(AP3,Stammdaten!$U$2:$V$3,2,FALSE),"") -> 20251027120457399-19808 | AR3: "F:\PROJECTS\2025_VH5041_TransNanoAF\Digitalization\2PP in OpenBis\2PP_print protocol_20260213.xlsx"
A4: =TEXT(C4,"jjjj")&TEXT(C4,"MM")&TEXT(C4,"tt")&"_"&"2PP_"&E4 -> 20260303_2PP_Line distance cubes Cura vs 3D-Poli | B4: 2PP-000002 | C4: 46084 | D4: alinden | E4: Line distance cubes Cura vs 3D-Poli | F4: \\GFS02\G42b\54LaufendePROJEKTE\PROJECTS\2025_VH5041_TransNanoAF\2PP\Experimente chronologisch\20260303_array line distance 3Dpoli vs Cura.txt | G4: 20260205 3YSZ 78w% | H4: =IFERROR(VLOOKUP(G4,Stammdaten!$I$2:$J$4,2,FALSE),"") -> 20260205131700798-40543 | I4: UV-Sheet 9 vom 03.02.2026 | J4: 20260203153656357-40208 | K4: 3 Tapes | W4: 63 x 1.4 | X4: 9000 | AD4: 46091 | AE4: alinden | AF4: Isopropanol | AG4: 46101 | AH4: alinden | AI4: 1 | AK4: 46126 | AL4: 46101 | AM4: 46121 | AN4: alinden | AO4: 46101 | AP4: LinnTherm 10 | AQ4: =IFERROR(VLOOKUP(AP4,Stammdaten!$U$2:$V$3,2,FALSE),"") -> 20251027120457399-19808 | AR4: "F:\PROJECTS\2025_VH5041_TransNanoAF\Digitalization\2PP in OpenBis\2PP_print protocol_20260213.xlsx"
A5: =TEXT(C5,"jjjj")&TEXT(C5,"MM")&TEXT(C5,"tt")&"_"&"2PP_"&E5 -> 20260305_2PP_Multidirectional Slicing SchwarzP | B5: 2PP-000003 | C5: 46086 | D5: alinden | E5: Multidirectional Slicing SchwarzP | F5: \\GFS02\G42b\54LaufendePROJEKTE\PROJECTS\2025_VH5041_TransNanoAF\2PP\Experimente chronologisch\20260305_Array multidirectional slicing SchwarzP.txt | G5: 20260205 3YSZ 78w% | H5: =IFERROR(VLOOKUP(G5,Stammdaten!$I$2:$J$4,2,FALSE),"") -> 20260205131700798-40543 | I5: UV-Sheet 9 vom 03.02.2026 | J5: 20260203153656357-40208 | K5: 3 Tapes | W5: 63 x 1.4 | X5: 9000 | AD5: 46091 | AE5: alinden | AF5: Isopropanol | AG5: 46101 | AH5: alinden | AI5: 1 | AK5: 46126 | AL5: 46101 | AM5: 46121 | AN5: alinden | AO5: 46101 | AP5: LinnTherm 10 | AQ5: =IFERROR(VLOOKUP(AP5,Stammdaten!$U$2:$V$3,2,FALSE),"") -> 20251027120457399-19808 | AR5: "F:\PROJECTS\2025_VH5041_TransNanoAF\Digitalization\2PP in OpenBis\2PP_print protocol_20260213.xlsx"
A6: =TEXT(C6,"jjjj")&TEXT(C6,"MM")&TEXT(C6,"tt")&"_"&"2PP_"&E6 -> 20260305_2PP_Gradual Gratings | B6: 2PP-000004 | C6: 46086 | D6: alinden | E6: Gradual Gratings | F6: \\GFS02\G42b\54LaufendePROJEKTE\PROJECTS\2025_VH5041_TransNanoAF\2PP\Experimente chronologisch\20260305_Gradually Grating.txt | G6: 20260205 3YSZ 78w% | H6: =IFERROR(VLOOKUP(G6,Stammdaten!$I$2:$J$4,2,FALSE),"") -> 20260205131700798-40543 | I6: UV-Sheet 9 vom 03.02.2026 | J6: 20260203153656357-40208 | K6: 3 Tapes | W6: 63 x 1.4 | X6: 9000 | AD6: 46091 | AE6: alinden | AF6: Isopropanol | AG6: 46101 | AH6: alinden | AI6: 1 | AK6: 46126 | AL6: 46101 | AM6: 46121 | AN6: alinden | AO6: 46101 | AP6: LinnTherm 10 | AQ6: =IFERROR(VLOOKUP(AP6,Stammdaten!$U$2:$V$3,2,FALSE),"") -> 20251027120457399-19808 | AR6: "F:\PROJECTS\2025_VH5041_TransNanoAF\Digitalization\2PP in OpenBis\2PP_print protocol_20260213.xlsx"
A7: =TEXT(C7,"jjjj")&TEXT(C7,"MM")&TEXT(C7,"tt")&"_"&"2PP_"&E7 -> 20260309_2PP_2D dot matrix power x duration | B7: 2PP-000005 | C7: 46090 | D7: alinden | E7: 2D dot matrix power x duration | F7: \\GFS02\G42b\54LaufendePROJEKTE\PROJECTS\2025_VH5041_TransNanoAF\2PP\Experimente chronologisch\20260309_point matrix 2D power x duration.txt | G7: 20260205 3YSZ 78w% | H7: =IFERROR(VLOOKUP(G7,Stammdaten!$I$2:$J$4,2,FALSE),"") -> 20260205131700798-40543 | I7: UV-Sheet 1 vom 04.03.2026 | J7: 20260304152412162-47018 | K7: 3 Tapes | W7: 63 x 1.4 | X7: 9000 | AD7: 46094 | AE7: jmuelle4 | AF7: Isopropanol | AG7: 46101 | AH7: alinden | AI7: 1 | AK7: 46126 | AL7: 46101 | AM7: 46121 | AN7: alinden | AO7: 46101 | AP7: LinnTherm 10 | AQ7: =IFERROR(VLOOKUP(AP7,Stammdaten!$U$2:$V$3,2,FALSE),"") -> 20251027120457399-19808 | AR7: "F:\PROJECTS\2025_VH5041_TransNanoAF\Digitalization\2PP in OpenBis\2PP_print protocol_20260213.xlsx"
A8: =TEXT(C8,"jjjj")&TEXT(C8,"MM")&TEXT(C8,"tt")&"_"&"2PP_"&E8 -> 20260309_2PP_2D dot matrix power x duration_2 | B8: 2PP-000006 | C8: 46090 | D8: alinden | E8: 2D dot matrix power x duration_2 | F8: \\GFS02\G42b\54LaufendePROJEKTE\PROJECTS\2025_VH5041_TransNanoAF\2PP\Experimente chronologisch\20260309_point matrix 2D power x duration.txt | G8: 20260205 3YSZ 78w% | H8: =IFERROR(VLOOKUP(G8,Stammdaten!$I$2:$J$4,2,FALSE),"") -> 20260205131700798-40543 | I8: UV-Sheet 1 vom 04.03.2026 | J8: 20260304152412162-47018 | K8: 3 Tapes | W8: 63 x 1.4 | X8: 9000 | AD8: 46094 | AE8: jmuelle4 | AF8: Isopropanol | AG8: 46101 | AH8: alinden | AI8: 1 | AK8: 46126 | AL8: 46101 | AM8: 46121 | AN8: alinden | AO8: 46101 | AP8: LinnTherm 10 | AQ8: =IFERROR(VLOOKUP(AP8,Stammdaten!$U$2:$V$3,2,FALSE),"") -> 20251027120457399-19808 | AR8: "F:\PROJECTS\2025_VH5041_TransNanoAF\Digitalization\2PP in OpenBis\2PP_print protocol_20260213.xlsx"
A9: =TEXT(C9,"jjjj")&TEXT(C9,"MM")&TEXT(C9,"tt")&"_"&"2PP_"&E9 -> 20260310_2PP_Multidirectional Slicing SchwarzD | B9: 2PP-000007 | C9: 46091 | D9: alinden | E9: Multidirectional Slicing SchwarzD | F9: \\GFS02\G42b\54LaufendePROJEKTE\PROJECTS\2025_VH5041_TransNanoAF\2PP\Experimente chronologisch\20260309_Schwarz Diamond 3d-slicing.txt | G9: 20260205 3YSZ 78w% | H9: =IFERROR(VLOOKUP(G9,Stammdaten!$I$2:$J$4,2,FALSE),"") -> 20260205131700798-40543 | I9: UV-Sheet 1 vom 04.03.2026 | J9: 20260304152412162-47018 | K9: 3 Tapes | W9: 63 x 1.4 | X9: 9000 | AD9: 46094 | AE9: jmuelle4 | AF9: Isopropanol | AG9: 46101 | AH9: alinden | AI9: 1 | AK9: 46126 | AL9: 46101 | AM9: 46121 | AN9: alinden | AO9: 46101 | AP9: LinnTherm 10 | AQ9: =IFERROR(VLOOKUP(AP9,Stammdaten!$U$2:$V$3,2,FALSE),"") -> 20251027120457399-19808 | AR9: "F:\PROJECTS\2025_VH5041_TransNanoAF\Digitalization\2PP in OpenBis\2PP_print protocol_20260213.xlsx"
A10: =TEXT(C10,"jjjj")&TEXT(C10,"MM")&TEXT(C10,"tt")&"_"&"2PP_"&E10 -> 20260310_2PP_SchwarzP array 1-5 unit cells | B10: 2PP-000008 | C10: 46091 | D10: alinden | E10: SchwarzP array 1-5 unit cells | F10: \\GFS02\G42b\54LaufendePROJEKTE\PROJECTS\2025_VH5041_TransNanoAF\2PP\Experimente chronologisch\20260310_SchwarzP 1-5 unit cells array.txt | G10: 20260205 3YSZ 78w% | H10: =IFERROR(VLOOKUP(G10,Stammdaten!$I$2:$J$4,2,FALSE),"") -> 20260205131700798-40543 | I10: UV-Sheet 1 vom 04.03.2026 | J10: 20260304152412162-47018 | K10: 3 Tapes | P10: =O10-N10 -> 0 | S10: =R10-Q10 -> 0 | V10: =U10-T10 -> 0 | W10: 63 x 1.4 | X10: 9000 | AD10: 46094 | AE10: jmuelle4 | AF10: Isopropanol | AG10: 46101 | AH10: alinden | AI10: 1 | AK10: 46126 | AL10: 46101 | AM10: 46121 | AN10: alinden | AO10: 46101 | AP10: LinnTherm 10 | AQ10: =IFERROR(VLOOKUP(AP10,Stammdaten!$U$2:$V$3,2,FALSE),"") -> 20251027120457399-19808 | AR10: "F:\PROJECTS\2025_VH5041_TransNanoAF\Digitalization\2PP in OpenBis\2PP_print protocol_20260213.xlsx"
A11: =TEXT(C11,"jjjj")&TEXT(C11,"MM")&TEXT(C11,"tt")&"_"&"2PP_"&E11 -> 20260313_2PP_SP large infill test | B11: 2PP-000009 | C11: 46094 | D11: jmuelle4 | E11: SP large infill test | F11: \\GFS02\G42b\54LaufendePROJEKTE\PROJECTS\2025_VH5041_TransNanoAF\2PP\Experimente chronologisch\20260313_SP2x2x2_infill-line-distance_Array.txt | G11: 20260205 3YSZ 78w% | H11: =IFERROR(VLOOKUP(G11,Stammdaten!$I$2:$J$4,2,FALSE),"") -> 20260205131700798-40543 | I11: UV Sheet 2 vom 04.03.2026 | J11: 20260304152450862-47019 | K11: 3 Tapes | N11: 34640 | O11: 34821 | P11: =O11-N11 -> 181 | Q11: -17174 | R11: -10574 | S11: =R11-Q11 -> 6600 | T11: -6926 | U11: -10226 | V11: =U11-T11 -> -3300 | W11: 20 x 0.45 | X11: 9000 | Y11: 11.436 | Z11: On | AC11: On | AG11: 46101 | AH11: alinden | AI11: 1 | AQ11: =IFERROR(VLOOKUP(AP11,Stammdaten!$U$2:$V$3,2,FALSE),"") | AU11: 1x WMS --> Fehler in Skalierunge
A12: =TEXT(C12,"jjjj")&TEXT(C12,"MM")&TEXT(C12,"tt")&"_"&"2PP_"&E12 -> 20260316_2PP_SP large infill test | B12: 2PP-000010 | C12: 46097 | D12: jmuelle4 | E12: SP large infill test | F12: \\GFS02\G42b\54LaufendePROJEKTE\PROJECTS\2025_VH5041_TransNanoAF\2PP\Experimente chronologisch\20260313_SP2x2x2_infill-line-distance_Array.txt | G12: 20260205 3YSZ 78w% | H12: =IFERROR(VLOOKUP(G12,Stammdaten!$I$2:$J$4,2,FALSE),"") -> 20260205131700798-40543 | I12: UV Sheet 2 vom 04.03.2026 | J12: 20260304152450862-47019 | K12: 3 Tapes | N12: 34640 | O12: 34821 | P12: =O12-N12 -> 181 | Q12: -17174 | R12: -10574 | S12: =R12-Q12 -> 6600 | T12: -6926 | U12: -10226 | V12: =U12-T12 -> -3300 | W12: 20 x 0.45 | X12: 9000 | Y12: 11.486 | Z12: Off | AC12: On | AD12: 46100 | AE12: jmuelle4 | AF12: Isopropanol | AG12: 46101 | AH12: alinden | AI12: 1 | AK12: 46126 | AL12: 46101 | AM12: 46121 | AN12: alinden | AO12: 46101 | AP12: LinnTherm 10 | AQ12: =IFERROR(VLOOKUP(AP12,Stammdaten!$U$2:$V$3,2,FALSE),"") -> 20251027120457399-19808 | AR12: "F:\PROJECTS\2025_VH5041_TransNanoAF\Digitalization\2PP in OpenBis\2PP_print protocol_20260213.xlsx" | AU12: 2x WMS
A13: =TEXT(C13,"jjjj")&TEXT(C13,"MM")&TEXT(C13,"tt")&"_"&"2PP_"&E13 -> 20260316_2PP_Hybrid Pillar Array | B13: 2PP-000011 | C13: 46097 | D13: jmuelle4 | E13: Hybrid Pillar Array | F13: \\GFS02\G42b\54LaufendePROJEKTE\PROJECTS\2025_VH5041_TransNanoAF\2PP\Experimente chronologisch\20260316 Pillar Zylinder Array.txt | G13: 20250616 3YSZ in PEG-DA for 2PP-Kombi | H13: =IFERROR(VLOOKUP(G13,Stammdaten!$I$2:$J$4,2,FALSE),"") -> 20251209154344843-23579 | I13: Glas | K13: 2 Tapes | N13: 35090 | O13: 35207 | P13: =O13-N13 -> 117 | Q13: -64014 | R13: -19114 | S13: =R13-Q13 -> 44900 | T13: 2355 | U13: -8844 | V13: =U13-T13 -> -11199 | W13: 20 x 0.45 | X13: 9000 | Y13: 11.486 | Z13: Off | AC13: Off | AQ13: =IFERROR(VLOOKUP(AP13,Stammdaten!$U$2:$V$3,2,FALSE),"")
A14: =TEXT(C14,"jjjj")&TEXT(C14,"MM")&TEXT(C14,"tt")&"_"&"2PP_"&E14 -> 20260316_2PP_Hybrid Pillar Array &Mw | B14: 2PP-000012 | C14: 46097 | D14: jmuelle4 | E14: Hybrid Pillar Array &Mw | F14: \\GFS02\G42b\54LaufendePROJEKTE\PROJECTS\2025_VH5041_TransNanoAF\2PP\Experimente chronologisch\20260316 Pillar Zylinder Array 6mW.txt | G14: 20250616 3YSZ in PEG-DA for 2PP-Kombi | H14: =IFERROR(VLOOKUP(G14,Stammdaten!$I$2:$J$4,2,FALSE),"") -> 20251209154344843-23579 | I14: Glas | K14: 2 Tapes | N14: 35090 | O14: 35207 | P14: =O14-N14 -> 117 | Q14: -64014 | R14: -19114 | S14: =R14-Q14 -> 44900 | T14: 2355 | U14: -8844 | V14: =U14-T14 -> -11199 | W14: 20 x 0.45 | X14: 9000 | Y14: 11.486 | Z14: Off | AC14: Off | AQ14: =IFERROR(VLOOKUP(AP14,Stammdaten!$U$2:$V$3,2,FALSE),"")
A15: =TEXT(C15,"jjjj")&TEXT(C15,"MM")&TEXT(C15,"tt")&"_"&"2PP_"&E15 -> 20260317_2PP_Coordinate System Origin Test | B15: 2PP-000013 | C15: 46098 | D15: alinden | E15: Coordinate System Origin Test | F15: \\GFS02\G42b\54LaufendePROJEKTE\PROJECTS\2025_VH5041_TransNanoAF\2PP\Experimente chronologisch\20260317_Origin_Coordinate_System.txt | G15: 20260205 3YSZ 78w% | H15: =IFERROR(VLOOKUP(G15,Stammdaten!$I$2:$J$4,2,FALSE),"") -> 20260205131700798-40543 | I15: UV-Sheet 3 vom 04.03.2026 | J15: 20260304152609654-47020 | K15: 3 Tapes | N15: 59330 | O15: 59503 | P15: =O15-N15 -> 173 | Q15: -1518 | R15: -9719 | S15: =R15-Q15 -> -8201 | T15: 1176 | U15: -1523 | V15: =U15-T15 -> -2699 | W15: 63 x 1.4 | X15: 9000 | Y15: 11.735 | Z15: Off | AC15: Off | AD15: 46100 | AE15: jmuelle4 | AF15: Isopropanol | AG15: 46101 | AH15: alinden | AI15: 1 | AK15: 46126 | AL15: 46101 | AM15: 46121 | AN15: alinden | AO15: 46101 | AP15: LinnTherm 10 | AQ15: =IFERROR(VLOOKUP(AP15,Stammdaten!$U$2:$V$3,2,FALSE),"") -> 20251027120457399-19808 | AR15: "F:\PROJECTS\2025_VH5041_TransNanoAF\Digitalization\2PP in OpenBis\2PP_print protocol_20260213.xlsx"
A16: =TEXT(C16,"jjjj")&TEXT(C16,"MM")&TEXT(C16,"tt")&"_"&"2PP_"&E16 -> 20260317_2PP_UV-Sheet Text | B16: 2PP-000014 | C16: 46098 | D16: alinden | E16: UV-Sheet Text | F16: \\GFS02\G42b\54LaufendePROJEKTE\PROJECTS\2025_VH5041_TransNanoAF\2PP\Experimente chronologisch\20260317_New_UV-Sheet_Template.txt | G16: 20260205 3YSZ 78w% | H16: =IFERROR(VLOOKUP(G16,Stammdaten!$I$2:$J$4,2,FALSE),"") -> 20260205131700798-40543 | I16: UV-Sheet 3 vom 04.03.2026 | J16: 20260304152609654-47020 | K16: 3 Tapes | N16: 59330 | O16: 59503 | P16: =O16-N16 -> 173 | Q16: -1518 | R16: -9719 | S16: =R16-Q16 -> -8201 | T16: 1176 | U16: -1523 | V16: =U16-T16 -> -2699 | W16: 63 x 1.4 | X16: 9000 | Y16: 11.735 | Z16: Off | AC16: Off | AD16: 46100 | AE16: jmuelle4 | AF16: Isopropanol | AG16: 46101 | AH16: alinden | AI16: 1 | AK16: 46126 | AL16: 46101 | AM16: 46121 | AN16: alinden | AO16: 46101 | AP16: LinnTherm 10 | AQ16: =IFERROR(VLOOKUP(AP16,Stammdaten!$U$2:$V$3,2,FALSE),"") -> 20251027120457399-19808 | AR16: "F:\PROJECTS\2025_VH5041_TransNanoAF\Digitalization\2PP in OpenBis\2PP_print protocol_20260213.xlsx"
A17: =TEXT(C17,"jjjj")&TEXT(C17,"MM")&TEXT(C17,"tt")&"_"&"2PP_"&E17 -> 20260317_2PP_DataMatrix Code Test | B17: 2PP-000015 | C17: 46098 | D17: alinden | E17: DataMatrix Code Test | F17: \\GFS02\G42b\54LaufendePROJEKTE\PROJECTS\2025_VH5041_TransNanoAF\2PP\Experimente chronologisch\20260317_Data_Matrix_Code_Test.txt | G17: 20260205 3YSZ 78w% | H17: =IFERROR(VLOOKUP(G17,Stammdaten!$I$2:$J$4,2,FALSE),"") -> 20260205131700798-40543 | I17: UV-Sheet 3 vom 04.03.2026 | J17: 20260304152609654-47020 | K17: 3 Tapes | N17: 59330 | O17: 59503 | P17: =O17-N17 -> 173 | Q17: -1518 | R17: -9719 | S17: =R17-Q17 -> -8201 | T17: 1176 | U17: -1523 | V17: =U17-T17 -> -2699 | W17: 63 x 1.4 | X17: 9000 | Y17: 11.735 | Z17: Off | AC17: Off | AD17: 46100 | AE17: jmuelle4 | AF17: Isopropanol | AG17: 46101 | AH17: alinden | AI17: 1 | AK17: 46126 | AL17: 46101 | AM17: 46121 | AN17: alinden | AO17: 46101 | AP17: LinnTherm 10 | AQ17: =IFERROR(VLOOKUP(AP17,Stammdaten!$U$2:$V$3,2,FALSE),"") -> 20251027120457399-19808 | AR17: "F:\PROJECTS\2025_VH5041_TransNanoAF\Digitalization\2PP in OpenBis\2PP_print protocol_20260213.xlsx"
A18: =TEXT(C18,"jjjj")&TEXT(C18,"MM")&TEXT(C18,"tt")&"_"&"2PP_"&E18 -> 20260317_2PP_Pillars_TPMS | B18: 2PP-000016 | C18: 46098 | D18: alinden | E18: Pillars_TPMS | F18: \\GFS02\G42b\54LaufendePROJEKTE\PROJECTS\2025_VH5041_TransNanoAF\2PP\Experimente chronologisch\20260317_Pillars.txt | G18: 20260205 3YSZ 78w% | H18: =IFERROR(VLOOKUP(G18,Stammdaten!$I$2:$J$4,2,FALSE),"") -> 20260205131700798-40543 | I18: UV-Sheet 3 vom 04.03.2026 | J18: 20260304152609654-47020 | K18: 3 Tapes | N18: 59330 | O18: 59503 | P18: =O18-N18 -> 173 | Q18: -1518 | R18: -9719 | S18: =R18-Q18 -> -8201 | T18: 1176 | U18: -1523 | V18: =U18-T18 -> -2699 | W18: 63 x 1.4 | X18: 9000 | Y18: 11.735 | Z18: Off | AC18: On | AD18: 46100 | AE18: jmuelle4 | AF18: Isopropanol | AG18: 46101 | AH18: fblessma | AI18: 1 | AK18: 46126 | AL18: 46101 | AM18: 46121 | AN18: alinden | AO18: 46101 | AP18: LinnTherm 10 | AQ18: =IFERROR(VLOOKUP(AP18,Stammdaten!$U$2:$V$3,2,FALSE),"") -> 20251027120457399-19808 | AR18: "F:\PROJECTS\2025_VH5041_TransNanoAF\Digitalization\2PP in OpenBis\2PP_print protocol_20260213.xlsx"
A19: =TEXT(C19,"jjjj")&TEXT(C19,"MM")&TEXT(C19,"tt")&"_"&"2PP_"&E19 -> 20260319_2PP_Hybrid Pillar Array | B19: 2PP-000017 | C19: 46100 | D19: jmuelle4 | E19: Hybrid Pillar Array | F19: \\GFS02\G42b\54LaufendePROJEKTE\PROJECTS\2025_VH5041_TransNanoAF\2PP\Experimente chronologisch\20260319 Pillar Zylinder Array 6mW.txt | G19: 20250616 3YSZ in PEG-DA for 2PP-Kombi | H19: =IFERROR(VLOOKUP(G19,Stammdaten!$I$2:$J$4,2,FALSE),"") -> 20251209154344843-23579 | I19: Glas | K19: 2 Tapes. 2s UV | N19: 35060 | O19: 35211 | P19: =O19-N19 -> 151 | Q19: -16079 | R19: -9279 | S19: =R19-Q19 -> 6800 | T19: 4789 | U19: -1016 | V19: =U19-T19 -> -5805 | W19: 20 x 0.45 | X19: 9000 | Y19: 11.368 | Z19: Off | AC19: Off | AQ19: =IFERROR(VLOOKUP(AP19,Stammdaten!$U$2:$V$3,2,FALSE),"")
A20: =TEXT(C20,"jjjj")&TEXT(C20,"MM")&TEXT(C20,"tt")&"_"&"2PP_"&E20 -> 20260414_2PP_SchwarzP 2x2x2 array powerxspeed | B20: 2PP-000018 | C20: 46126 | D20: alinden | E20: SchwarzP 2x2x2 array powerxspeed | F20: \\GFS02\G42b\54LaufendePROJEKTE\PROJECTS\2025_VH5041_TransNanoAF\2PP\Experimente chronologisch\20260414_SchwarzP-hollow_2x2x2_power-speed-array.txt | G20: 20260205 3YSZ 78w% | H20: =IFERROR(VLOOKUP(G20,Stammdaten!$I$2:$J$5,2,FALSE),"") -> 20260205131700798-40543 | I20: UV-Sheet 4 vom 04.03.2026 | J20: 20260304152642775-47021 | K20: 3 Tapes | N20: 59517 | O20: 59670 | P20: =O20-N20 -> 153 | S20: =R20-Q20 -> 0 | V20: =U20-T20 -> 0 | W20: 63 x 1.4 | X20: 9000 | Y20: 11.701 | Z20: Off | AC20: On | AD20: 46135 | AE20: alinden | AF20: Isopropanol | AG20: 46135 | AH20: alinden | AI20: 1 | AK20: 46139 | AM20: 46139 | AN20: alinden | AO20: 46135 | AP20: LinnTherm 7 | AQ20: =IFERROR(VLOOKUP(AP20,Stammdaten!$U$2:$V$3,2,FALSE),"") -> 20251113141738982-20612 | AR20: "F:\PROJECTS\2025_VH5041_TransNanoAF\Digitalization\2PP in OpenBis\2PP_print protocol_20260213.xlsx"
A21: =TEXT(C21,"jjjj")&TEXT(C21,"MM")&TEXT(C21,"tt")&"_"&"2PP_"&E21 -> 20260415_2PP_SP large infill test | B21: 2PP-000019 | C21: 46127 | D21: jmuelle4 | E21: SP large infill test | F21: \\GFS02\G42b\54LaufendePROJEKTE\PROJECTS\2025_VH5041_TransNanoAF\2PP\Experimente chronologisch\20260415_SP2x2x2_infill-line-distance_Array.txt | G21: 20261107 3YSZ 78w% | H21: =IFERROR(VLOOKUP(G21,Stammdaten!$I$2:$J$5,2,FALSE),"") -> 20251113100232864-20580 | I21: UV-Sheet 5 vom 04.03.2026 | J21: 20260304152747687-47022 | K21: 3 Tapes | N21: 34620 | O21: 34721 | P21: =O21-N21 -> 101 | Q21: -15825 | R21: -10325 | S21: =R21-Q21 -> 5500 | T21: 3229 | U21: -70 | V21: =U21-T21 -> -3299 | W21: 20 x 0.45 | X21: 9000 | Y21: 11.458 | Z21: Off | AC21: Off | AD21: 46135 | AE21: alinden | AF21: Isopropanol | AG21: 46135 | AH21: alinden | AI21: 1 | AK21: 46139 | AM21: 46139 | AN21: alinden | AO21: 46135 | AP21: LinnTherm 7 | AQ21: =IFERROR(VLOOKUP(AP21,Stammdaten!$U$2:$V$3,2,FALSE),"") -> 20251113141738982-20612 | AR21: "F:\PROJECTS\2025_VH5041_TransNanoAF\Digitalization\2PP in OpenBis\2PP_print protocol_20260213.xlsx"
A22: =TEXT(C22,"jjjj")&TEXT(C22,"MM")&TEXT(C22,"tt")&"_"&"2PP_"&E22 -> 20260416_2PP_SP large infill test | B22: 2PP-000020 | C22: 46128 | D22: jmuelle4 | E22: SP large infill test | F22: \\GFS02\G42b\54LaufendePROJEKTE\PROJECTS\2025_VH5041_TransNanoAF\2PP\Experimente chronologisch\20260415_SP2x2x2_infill-line-distance_Array 2.txt | G22: 20261107 3YSZ 78w% | H22: =IFERROR(VLOOKUP(G22,Stammdaten!$I$2:$J$5,2,FALSE),"") -> 20251113100232864-20580 | I22: UV-Sheet 5 vom 04.03.2026 | J22: 20260304152747687-47022 | K22: 3 Tapes | N22: 34620 | O22: 34721 | P22: =O22-N22 -> 101 | Q22: -15825 | R22: -10325 | S22: =R22-Q22 -> 5500 | T22: 3229 | U22: -70 | V22: =U22-T22 -> -3299 | W22: 20 x 0.45 | X22: 9000 | Y22: 11.458 | Z22: Off | AC22: Off | AD22: 46135 | AE22: alinden | AF22: Isopropanol | AG22: 46135 | AH22: alinden | AI22: 1 | AK22: 46139 | AM22: 46139 | AN22: alinden | AO22: 46135 | AP22: LinnTherm 7 | AQ22: =IFERROR(VLOOKUP(AP22,Stammdaten!$U$2:$V$3,2,FALSE),"") -> 20251113141738982-20612 | AR22: "F:\PROJECTS\2025_VH5041_TransNanoAF\Digitalization\2PP in OpenBis\2PP_print protocol_20260213.xlsx"
A23: =TEXT(C23,"jjjj")&TEXT(C23,"MM")&TEXT(C23,"tt")&"_"&"2PP_"&E23 -> 20260416_2PP_DataMatrix Code Test2 | B23: 2PP-000021 | C23: 46128 | D23: alinden | E23: DataMatrix Code Test2 | F23: \\GFS02\G42b\54LaufendePROJEKTE\PROJECTS\2025_VH5041_TransNanoAF\2PP\Experimente chronologisch\20260416_Data_Matrix_Code_Test2.txt | G23: 20260205 3YSZ 78w% | H23: =IFERROR(VLOOKUP(G23,Stammdaten!$I$2:$J$5,2,FALSE),"") -> 20260205131700798-40543 | I23: UV-Sheet 4 vom 04.03.2026 | J23: 20260304152642775-47021 | K23: 3 Tapes | N23: 59490 | O23: 59678 | P23: =O23-N23 -> 188 | Q23: -13829 | R23: -10129 | S23: =R23-Q23 -> 3700 | T23: -3178 | U23: -178 | V23: =U23-T23 -> 3000 | W23: 63 x 1.4 | X23: 9000 | Y23: 11.707 | Z23: Off | AC23: Off | AD23: 46135 | AE23: alinden | AF23: Isopropanol | AG23: 46135 | AH23: alinden | AI23: 1 | AK23: 46139 | AM23: 46139 | AN23: alinden | AO23: 46135 | AP23: LinnTherm 7 | AQ23: =IFERROR(VLOOKUP(AP23,Stammdaten!$U$2:$V$3,2,FALSE),"") -> 20251113141738982-20612 | AR23: "F:\PROJECTS\2025_VH5041_TransNanoAF\Digitalization\2PP in OpenBis\2PP_print protocol_20260213.xlsx"
A24: =TEXT(C24,"jjjj")&TEXT(C24,"MM")&TEXT(C24,"tt")&"_"&"2PP_"&E24 -> 20260416_2PP_SchwarzP 2x2x2 array z-offsetxlayerheight | B24: 2PP-000022 | C24: 46128 | D24: alinden | E24: SchwarzP 2x2x2 array z-offsetxlayerheight | F24: \\GFS02\G42b\54LaufendePROJEKTE\PROJECTS\2025_VH5041_TransNanoAF\2PP\Experimente chronologisch\20260416_SchwarzP-hollow_2x2x2_zoffset-layerheight-array.txt | G24: 20260205 3YSZ 78w% | H24: =IFERROR(VLOOKUP(G24,Stammdaten!$I$2:$J$5,2,FALSE),"") -> 20260205131700798-40543 | I24: UV-Sheet 4 vom 04.03.2026 | J24: 20260304152642775-47021 | K24: 3 Tapes | N24: 59490 | O24: 59678 | P24: =O24-N24 -> 188 | Q24: -13829 | R24: -10129 | S24: =R24-Q24 -> 3700 | T24: -3178 | U24: -178 | V24: =U24-T24 -> 3000 | W24: 63 x 1.4 | X24: 9000 | Y24: 11.707 | Z24: Off | AC24: On | AD24: 46135 | AE24: alinden | AF24: Isopropanol | AG24: 46135 | AH24: alinden | AI24: 1 | AK24: 46139 | AM24: 46139 | AN24: alinden | AO24: 46135 | AP24: LinnTherm 7 | AQ24: =IFERROR(VLOOKUP(AP24,Stammdaten!$U$2:$V$3,2,FALSE),"") -> 20251113141738982-20612 | AR24: "F:\PROJECTS\2025_VH5041_TransNanoAF\Digitalization\2PP in OpenBis\2PP_print protocol_20260213.xlsx"
A25: =TEXT(C25,"jjjj")&TEXT(C25,"MM")&TEXT(C25,"tt")&"_"&"2PP_"&E25 -> 20260421_2PP_cubes 5x3 array | B25: 2PP-000023 | C25: 46133 | D25: alinden | E25: cubes 5x3 array | F25: \\GFS02\G42b\54LaufendePROJEKTE\PROJECTS\2025_VH5041_TransNanoAF\2PP\Experimente chronologisch\20260421_Cubes.txt | G25: 20260205 3YSZ 78w% | H25: =IFERROR(VLOOKUP(G25,Stammdaten!$I$2:$J$5,2,FALSE),"") -> 20260205131700798-40543 | I25: UV-Sheet_0005-1 | J25: 20260430131257526-50864 | K25: 3 Tapes | N25: 59610 | O25: 59812 | P25: =O25-N25 -> 202 | Q25: -16424 | R25: -11824 | S25: =R25-Q25 -> 4600 | T25: 1141 | U25: -2058 | V25: =U25-T25 -> -3199 | W25: 63 x 1.4 | X25: 9000 | Y25: 11.726 | Z25: Off | AC25: On | AD25: 46135 | AE25: alinden | AF25: Isopropanol | AG25: 46135 | AH25: alinden | AI25: 1 | AK25: 46139 | AM25: 46139 | AN25: alinden | AO25: 46135 | AP25: LinnTherm 7 | AQ25: =IFERROR(VLOOKUP(AP25,Stammdaten!$U$2:$V$3,2,FALSE),"") -> 20251113141738982-20612 | AR25: "F:\PROJECTS\2025_VH5041_TransNanoAF\Digitalization\2PP in OpenBis\2PP_print protocol_20260213.xlsx" | AU25: UV Sheet noch nicht in openBIS! -> nachtragen!
A26: =TEXT(C26,"jjjj")&TEXT(C26,"MM")&TEXT(C26,"tt")&"_"&"2PP_"&E26 -> 20260422_2PP_Schwarz P 2x2x2 array powerxspeed2 | B26: 2PP-000024 | C26: 46134 | D26: alinden | E26: Schwarz P 2x2x2 array powerxspeed2 | F26: \\GFS02\G42b\54LaufendePROJEKTE\PROJECTS\2025_VH5041_TransNanoAF\2PP\Experimente chronologisch\20260422_SchwarzP-hollow_2x2x2_power-speed-array.txt | G26: 20260205 3YSZ 78w% | H26: =IFERROR(VLOOKUP(G26,Stammdaten!$I$2:$J$5,2,FALSE),"") -> 20260205131700798-40543 | I26: UV-Sheet_0005-3 | J26: 20260430131303703-50866 | K26: 3 Tapes | N26: 59750 | O26: 59907 | P26: =O26-N26 -> 157 | Q26: -16547 | R26: -10447 | S26: =R26-Q26 -> 6100 | T26: -1139 | U26: -4439 | V26: =U26-T26 -> -3300 | W26: 63 x 1.4 | X26: 9000 | Y26: 11.667 | Z26: Off | AC26: Off | AD26: 46135 | AE26: alinden | AF26: Isopropanol | AG26: 46135 | AH26: alinden | AI26: 1 | AK26: 46139 | AM26: 46139 | AN26: alinden | AO26: 46135 | AP26: LinnTherm 7 | AQ26: =IFERROR(VLOOKUP(AP26,Stammdaten!$U$2:$V$3,2,FALSE),"") -> 20251113141738982-20612 | AR26: "F:\PROJECTS\2025_VH5041_TransNanoAF\Digitalization\2PP in OpenBis\2PP_print protocol_20260213.xlsx" | AU26: UV Sheet noch nicht in openBIS! -> nachtragen!
A27: =TEXT(C27,"jjjj")&TEXT(C27,"MM")&TEXT(C27,"tt")&"_"&"2PP_"&E27 -> 20260428_2PP_speed array 3x5 5mW 1000-10000 | B27: 2PP-000025 | C27: 46140 | D27: alinden | E27: speed array 3x5 5mW 1000-10000 | F27: \\GFS02\G42b\54LaufendePROJEKTE\PROJECTS\2025_VH5041_TransNanoAF\2PP\Experimente chronologisch\20260429_SchwarzP-hollow_2x2x2_5mW_speed-array.txt | G27: 20260205 3YSZ 78w% | H27: =IFERROR(VLOOKUP(G27,Stammdaten!$I$2:$J$5,2,FALSE),"") -> 20260205131700798-40543 | I27: UV-Sheet_0005-5 | J27: 20260430131310069-50868 | K27: 3 Tapes | N27: 59180 | O27: 59462 | P27: =O27-N27 -> 282 | Q27: -16631 | R27: -12831 | S27: =R27-Q27 -> 3800 | T27: 510 | U27: 2010 | V27: =U27-T27 -> 1500 | W27: 63 x 1.4 | X27: 9000 | Y27: 11.583 | Z27: Off | AC27: On | AD27: 46147 | AE27: alinden | AF27: Isopropanol | AG27: 46148 | AH27: alinden | AI27: 1 | AM27: 46168 | AN27: alinden | AO27: 46149 | AP27: LinnTherm 10 | AQ27: =IFERROR(VLOOKUP(AP27,Stammdaten!$U$2:$V$3,2,FALSE),"") -> 20251027120457399-19808 | AR27: "F:\PROJECTS\2025_VH5041_TransNanoAF\Digitalization\2PP in OpenBis\2PP_print protocol_20260213.xlsx"
A28: =TEXT(C28,"jjjj")&TEXT(C28,"MM")&TEXT(C28,"tt")&"_"&"2PP_"&E28 -> 20260428_2PP_speed array 3x5 8mW 7500-17500 | B28: 2PP-000026 | C28: 46140 | D28: alinden | E28: speed array 3x5 8mW 7500-17500 | F28: \\GFS02\G42b\54LaufendePROJEKTE\PROJECTS\2025_VH5041_TransNanoAF\2PP\Experimente chronologisch\20260429_SchwarzP-hollow_2x2x2_8mW_speed-array.txt | G28: 20260205 3YSZ 78w% | H28: =IFERROR(VLOOKUP(G28,Stammdaten!$I$2:$J$5,2,FALSE),"") -> 20260205131700798-40543 | I28: UV-Sheet_0005-5 | J28: 20260430131310069-50868 | K28: 3 Tapes | N28: 59180 | O28: 59462 | P28: =O28-N28 -> 282 | Q28: -16631 | R28: -12831 | S28: =R28-Q28 -> 3800 | T28: 510 | U28: 2010 | V28: =U28-T28 -> 1500 | W28: 63 x 1.4 | X28: 9000 | Y28: 11.583 | Z28: Off | AC28: On | AD28: 46147 | AE28: alinden | AF28: Isopropanol | AG28: 46148 | AH28: alinden | AI28: 1 | AM28: 46168 | AN28: alinden | AO28: 46149 | AP28: LinnTherm 10 | AQ28: =IFERROR(VLOOKUP(AP28,Stammdaten!$U$2:$V$3,2,FALSE),"") -> 20251027120457399-19808 | AR28: "F:\PROJECTS\2025_VH5041_TransNanoAF\Digitalization\2PP in OpenBis\2PP_print protocol_20260213.xlsx"
A29: =TEXT(C29,"jjjj")&TEXT(C29,"MM")&TEXT(C29,"tt")&"_"&"2PP_"&E29 -> 20260504_2PP_cubes 3x3 array 7,8,9mW | B29: 2PP-000027 | C29: 46146 | D29: alinden | E29: cubes 3x3 array 7,8,9mW | F29: \\GFS02\G42b\54LaufendePROJEKTE\PROJECTS\2025_VH5041_TransNanoAF\2PP\Experimente chronologisch\20260504_cubes-dense_8mW_3x3.txt | G29: 20260205 3YSZ 78w% | H29: =IFERROR(VLOOKUP(G29,Stammdaten!$I$2:$J$5,2,FALSE),"") -> 20260205131700798-40543 | I29: UV-Sheet_0007-1 | J29: 20260609094438586-53109 | K29: 3 Tapes | N29: 59360 | O29: 59541 | P29: =O29-N29 -> 181 | Q29: -12867 | R29: -8767 | S29: =R29-Q29 -> 4100 | T29: -689 | U29: 1410 | V29: =U29-T29 -> 2099 | W29: 63 x 1.4 | X29: 9000 | Y29: 11.792 | Z29: Off | AC29: Off | AD29: 46147 | AE29: alinden | AF29: Isopropanol | AG29: 46148 | AH29: alinden | AI29: 1 | AM29: 46168 | AN29: alinden | AO29: 46149 | AP29: LinnTherm 10 | AQ29: =IFERROR(VLOOKUP(AP29,Stammdaten!$U$2:$V$3,2,FALSE),"") -> 20251027120457399-19808 | AR29: "F:\PROJECTS\2025_VH5041_TransNanoAF\Digitalization\2PP in OpenBis\2PP_print protocol_20260213.xlsx"
A30: =TEXT(C30,"jjjj")&TEXT(C30,"MM")&TEXT(C30,"tt")&"_"&"2PP_"&E30 -> 20260504_2PP_cubes 3x3 array 4,5,6mW | B30: 2PP-000028 | C30: 46146 | D30: alinden | E30: cubes 3x3 array 4,5,6mW | F30: \\GFS02\G42b\54LaufendePROJEKTE\PROJECTS\2025_VH5041_TransNanoAF\2PP\Experimente chronologisch\20260504_cubes-dense_5mW_3x3.txt | G30: 20260205 3YSZ 78w% | H30: =IFERROR(VLOOKUP(G30,Stammdaten!$I$2:$J$5,2,FALSE),"") -> 20260205131700798-40543 | I30: UV-Sheet_0007-1 | J30: 20260609094438586-53109 | K30: 3 Tapes | N30: 59360 | O30: 59541 | P30: =O30-N30 -> 181 | Q30: -12867 | R30: -8767 | S30: =R30-Q30 -> 4100 | T30: -689 | U30: 1410 | V30: =U30-T30 -> 2099 | W30: 63 x 1.4 | X30: 9000 | Y30: 11.792 | Z30: Off | AC30: Off | AD30: 46147 | AE30: alinden | AF30: Isopropanol | AG30: 46148 | AH30: alinden | AI30: 1 | AM30: 46168 | AN30: alinden | AO30: 46149 | AP30: LinnTherm 10 | AQ30: =IFERROR(VLOOKUP(AP30,Stammdaten!$U$2:$V$3,2,FALSE),"") -> 20251027120457399-19808 | AR30: "F:\PROJECTS\2025_VH5041_TransNanoAF\Digitalization\2PP in OpenBis\2PP_print protocol_20260213.xlsx"
A31: =TEXT(C31,"jjjj")&TEXT(C31,"MM")&TEXT(C31,"tt")&"_"&"2PP_"&E31 -> 20260505_2PP_cubes u Schwarz P array nanoindent(8mW) | B31: 2PP-000029 | C31: 46147 | D31: alinden | E31: cubes u Schwarz P array nanoindent(8mW) | F31: \\GFS02\G42b\54LaufendePROJEKTE\PROJECTS\2025_VH5041_TransNanoAF\2PP\Experimente chronologisch\20260505_cubes-schwarzP-array-nanoindent_8mW.txt | G31: 20260205 3YSZ 78w% | H31: =IFERROR(VLOOKUP(G31,Stammdaten!$I$2:$J$5,2,FALSE),"") -> 20260205131700798-40543 | I31: UV-Sheet_0007-1 | J31: 20260609094438586-53109 | K31: 3 Tapes | N31: 59360 | O31: 59541 | P31: =O31-N31 -> 181 | Q31: -12867 | R31: -8767 | S31: =R31-Q31 -> 4100 | T31: -689 | U31: 1410 | V31: =U31-T31 -> 2099 | W31: 63 x 1.4 | X31: 9000 | Y31: 11.792 | Z31: Off | AC31: On | AD31: 46147 | AE31: alinden | AF31: Isopropanol | AG31: 46148 | AH31: alinden | AI31: 1 | AM31: 46168 | AN31: alinden | AO31: 46149 | AP31: LinnTherm 10 | AQ31: =IFERROR(VLOOKUP(AP31,Stammdaten!$U$2:$V$3,2,FALSE),"") -> 20251027120457399-19808 | AR31: "F:\PROJECTS\2025_VH5041_TransNanoAF\Digitalization\2PP in OpenBis\2PP_print protocol_20260213.xlsx"
A32: =TEXT(C32,"jjjj")&TEXT(C32,"MM")&TEXT(C32,"tt")&"_"&"2PP_"&E32 -> 20260505_2PP_cubes u Schwarz P array nanoindent(5mW) | B32: 2PP-000030 | C32: 46147 | D32: alinden | E32: cubes u Schwarz P array nanoindent(5mW) | F32: \\GFS02\G42b\54LaufendePROJEKTE\PROJECTS\2025_VH5041_TransNanoAF\2PP\Experimente chronologisch\20260505_cubes-schwarzP-array-nanoindent_5mW.txt | G32: 20260205 3YSZ 78w% | H32: =IFERROR(VLOOKUP(G32,Stammdaten!$I$2:$J$5,2,FALSE),"") -> 20260205131700798-40543 | I32: UV-Sheet_0007-1 | J32: 20260609094438586-53109 | K32: 3 Tapes | N32: 59360 | O32: 59541 | P32: =O32-N32 -> 181 | Q32: -12867 | R32: -8767 | S32: =R32-Q32 -> 4100 | T32: -689 | U32: 1410 | V32: =U32-T32 -> 2099 | W32: 63 x 1.4 | X32: 9000 | Y32: 11.792 | Z32: Off | AC32: On | AD32: 46147 | AE32: alinden | AF32: Isopropanol | AG32: 46148 | AH32: alinden | AI32: 1 | AM32: 46168 | AN32: alinden | AO32: 46149 | AP32: LinnTherm 10 | AQ32: =IFERROR(VLOOKUP(AP32,Stammdaten!$U$2:$V$3,2,FALSE),"") -> 20251027120457399-19808 | AR32: "F:\PROJECTS\2025_VH5041_TransNanoAF\Digitalization\2PP in OpenBis\2PP_print protocol_20260213.xlsx"
A33: =TEXT(C33,"jjjj")&TEXT(C33,"MM")&TEXT(C33,"tt")&"_"&"2PP_"&E33 -> 20260529_2PP_cubes 3x3 array 4,5,6mW | B33: 2PP-000031 | C33: 46171 | D33: alinden | E33: cubes 3x3 array 4,5,6mW | G33: 20260205 3YSZ 78w% | H33: =IFERROR(VLOOKUP(G33,Stammdaten!$I$2:$J$5,2,FALSE),"") -> 20260205131700798-40543 | I33: UV-Sheet_0005-2 | J33: 20260430131253315-50863 | K33: 3 Tapes | N33: 59490 | O33: 59653 | P33: =O33-N33 -> 163 | S33: =R33-Q33 -> 0 | V33: =U33-T33 -> 0 | W33: 63 x 1.4 | X33: 9000 | Y33: 12.046 | Z33: Off | AC33: On | AD33: 46174 | AE33: fblessma | AF33: Isopropanol | AG33: 46185 | AH33: alinden | AI33: 1 | AQ33: =IFERROR(VLOOKUP(AP33,Stammdaten!$U$2:$V$3,2,FALSE),"")
A34: =TEXT(C34,"jjjj")&TEXT(C34,"MM")&TEXT(C34,"tt")&"_"&"2PP_"&E34 -> 20260601_2PP_Pillar Test 8YSZ | B34: 2PP-000032 | C34: 46174 | D34: fblessma | E34: Pillar Test 8YSZ | G34: 20260528 8YSZ 78wt% | H34: 20260528144122603-52269 | I34: 20260126 UV Sheet 2 | J34: 20260126175936336-39132 | K34: 3 Tapes | P34: =O34-N34 -> 0 | S34: =R34-Q34 -> 0 | V34: =U34-T34 -> 0 | AD34: 46174 | AE34: fblessma | AF34: Isopropanol | AG34: 46185 | AH34: alinden | AI34: 1 | AQ34: =IFERROR(VLOOKUP(AP34,Stammdaten!$U$2:$V$3,2,FALSE),"")
A35: =TEXT(C35,"jjjj")&TEXT(C35,"MM")&TEXT(C35,"tt")&"_"&"2PP_"&E35 -> 19000100_2PP_ | B35: 2PP-000033 | H35: =IFERROR(VLOOKUP(#REF!,Stammdaten!$I$2:$J$5,2,FALSE),"") | P35: =O35-N35 -> 0 | S35: =R35-Q35 -> 0 | V35: =U35-T35 -> 0 | AQ35: =IFERROR(VLOOKUP(AP35,Stammdaten!$U$2:$V$3,2,FALSE),"")
A36: =TEXT(C36,"jjjj")&TEXT(C36,"MM")&TEXT(C36,"tt")&"_"&"2PP_"&E36 -> 19000100_2PP_ | B36: 2PP-000034 | H36: =IFERROR(VLOOKUP(G35,Stammdaten!$I$2:$J$5,2,FALSE),"") | P36: =O36-N36 -> 0 | S36: =R36-Q36 -> 0 | V36: =U36-T36 -> 0 | AQ36: =IFERROR(VLOOKUP(AP36,Stammdaten!$U$2:$V$3,2,FALSE),"")
A37: =TEXT(C37,"jjjj")&TEXT(C37,"MM")&TEXT(C37,"tt")&"_"&"2PP_"&E37 -> 20260602_2PP_Bussi 100µm 1000 6mW | B37: 2PP-000035 | C37: 46175 | D37: jmuelle4 | E37: Bussi 100µm 1000 6mW | G37: 20260205 3YSZ 78w% | H37: =IFERROR(VLOOKUP(G37,Stammdaten!$I$2:$J$5,2,FALSE),"") -> 20260205131700798-40543 | I37: UV-Sheet_0008-1 | J37: 20260609094439480-53111 | K37: 3 Tapes | N37: 59740 | O37: 59911 | P37: =O37-N37 -> 171 | Q37: -8334 | R37: -17134 | S37: =R37-Q37 -> -8800 | T37: 1283 | U37: -3016 | V37: =U37-T37 -> -4299 | W37: 63 x 1.4 | X37: 9000 | Y37: 12.311 | Z37: On | AC37: Off | AQ37: =IFERROR(VLOOKUP(AP37,Stammdaten!$U$2:$V$3,2,FALSE),"")
A38: =TEXT(C38,"jjjj")&TEXT(C38,"MM")&TEXT(C38,"tt")&"_"&"2PP_"&E38 -> 20260602_2PP_Bussi 100µm 5000 4mW | B38: 2PP-000036 | C38: 46175 | D38: jmuelle4 | E38: Bussi 100µm 5000 4mW | G38: 20260205 3YSZ 78w% | H38: =IFERROR(VLOOKUP(G38,Stammdaten!$I$2:$J$5,2,FALSE),"") -> 20260205131700798-40543 | I38: UV-Sheet_0008-1 | J38: 20260609094439480-53111 | K38: 3 Tapes | N38: 59740 | O38: 59911 | P38: =O38-N38 -> 171 | Q38: -8334 | R38: -17134 | S38: =R38-Q38 -> -8800 | T38: 1283 | U38: -3016 | V38: =U38-T38 -> -4299 | W38: 63 x 1.4 | X38: 9000 | Y38: 12.311 | Z38: On | AC38: Off | AQ38: =IFERROR(VLOOKUP(AP38,Stammdaten!$U$2:$V$3,2,FALSE),"")
A39: =TEXT(C39,"jjjj")&TEXT(C39,"MM")&TEXT(C39,"tt")&"_"&"2PP_"&E39 -> 19000100_2PP_ | B39: 2PP-000037 | D39: jmuelle4
A40: =TEXT(C40,"jjjj")&TEXT(C40,"MM")&TEXT(C40,"tt")&"_"&"2PP_"&E40 -> 19000100_2PP_ | B40: 2PP-000038 | D40: jmuelle4
A41: =TEXT(C41,"jjjj")&TEXT(C41,"MM")&TEXT(C41,"tt")&"_"&"2PP_"&E41 -> 20260608_2PP_cubes 3x3 array 7,8,9mw | B41: 2PP-000039 | C41: 46181 | D41: alinden | E41: cubes 3x3 array 7,8,9mw | G41: 20260205 3YSZ 78w% | H41: =IFERROR(VLOOKUP(G41,Stammdaten!$I$2:$J$5,2,FALSE),"") -> 20260205131700798-40543 | I41: UV-Sheet_0005-4 | J41: 20260430131253315-50863 | K41: 3 Tapes | N41: 59476 | O41: 59637 | P41: =O41-N41 -> 161 | S41: =R41-Q41 -> 0 | V41: =U41-T41 -> 0 | W41: 63 x 1.4 | X41: 9000 | Y41: 11.91 | Z41: Off | AC41: Off | AD41: 46181 | AE41: alinden | AF41: Isopropanol | AG41: 46185 | AH41: alinden | AQ41: =IFERROR(VLOOKUP(AP41,Stammdaten!$U$2:$V$3,2,FALSE),"")
A42: =TEXT(C42,"jjjj")&TEXT(C42,"MM")&TEXT(C42,"tt")&"_"&"2PP_"&E42 -> 20260608_2PP_3-point-bending V01 | B42: 2PP-000040 | C42: 46181 | D42: alinden | E42: 3-point-bending V01 | G42: 20260205 3YSZ 78w% | H42: =IFERROR(VLOOKUP(G42,Stammdaten!$I$2:$J$5,2,FALSE),"") -> 20260205131700798-40543 | I42: UV-Sheet_0005-4 | J42: 20260430131253315-50863 | K42: 3 Tapes | N42: 59476 | O42: 59637 | P42: =O42-N42 -> 161 | S42: =R42-Q42 -> 0 | V42: =U42-T42 -> 0 | W42: 63 x 1.4 | X42: 9000 | Y42: 11.91 | Z42: Off | AC42: Off | AD42: 46181 | AE42: alinden | AF42: Isopropanol | AG42: 46185 | AH42: alinden | AQ42: =IFERROR(VLOOKUP(AP42,Stammdaten!$U$2:$V$3,2,FALSE),"")
A43: =TEXT(C43,"jjjj")&TEXT(C43,"MM")&TEXT(C43,"tt")&"_"&"2PP_"&E43 -> 20260609_2PP_Bus 50ym | B43: 2PP-000041 | C43: 46182 | D43: ejanoth | E43: Bus 50ym | G43: 20260205 3YSZ 78w% | H43: =IFERROR(VLOOKUP(G43,Stammdaten!$I$2:$J$5,2,FALSE),"") -> 20260205131700798-40543 | I43: Rechteck 1mm | J43: 20260609153436383-53136 | K43: 3 Tapes | N43: 59010 | O43: 59210 | P43: =O43-N43 -> 200 | S43: =R43-Q43 -> 0 | V43: =U43-T43 -> 0 | W43: 63 x 1.4 | X43: 9000 | Y43: 11.995 | Z43: Off | AA43: 0 | AB43: 0 | AC43: Off | AD43: 46182 | AE43: ejanoth | AF43: Isopropanol | AG43: 46185 | AH43: alinden | AI43: 1 | AL43: 46188 | AQ43: =IFERROR(VLOOKUP(AP43,Stammdaten!$U$2:$V$3,2,FALSE),"")
A44: =TEXT(C44,"jjjj")&TEXT(C44,"MM")&TEXT(C44,"tt")&"_"&"2PP_"&E44 -> 20260609_2PP_Bus 50ym-2 | B44: 2PP-000042 | C44: 46182 | D44: ejanoth | E44: Bus 50ym-2 | G44: 20260205 3YSZ 78w% | H44: =IFERROR(VLOOKUP(G44,Stammdaten!$I$2:$J$5,2,FALSE),"") -> 20260205131700798-40543 | I44: Rechteck 1mm | J44: 20260609153436383-53136 | K44: 3 Tapes | N44: 59010 | O44: 59210 | P44: =O44-N44 -> 200 | S44: =R44-Q44 -> 0 | V44: =U44-T44 -> 0 | W44: 63 x 1.4 | X44: 9000 | Y44: 11.995 | Z44: Off | AA44: 0 | AB44: 0 | AC44: Off | AD44: 46182 | AE44: ejanoth | AF44: Isopropanol | AG44: 46185 | AH44: alinden | AI44: 1 | AL44: 46188 | AQ44: =IFERROR(VLOOKUP(AP44,Stammdaten!$U$2:$V$3,2,FALSE),"")
A45: =TEXT(C45,"jjjj")&TEXT(C45,"MM")&TEXT(C45,"tt")&"_"&"2PP_"&E45 -> 20260609_2PP_Bus 50ym-3 | B45: 2PP-000043 | C45: 46182 | D45: ejanoth | E45: Bus 50ym-3 | G45: 20260205 3YSZ 78w% | H45: =IFERROR(VLOOKUP(G45,Stammdaten!$I$2:$J$5,2,FALSE),"") -> 20260205131700798-40543 | I45: Rechteck 1mm | J45: 20260609153436383-53136 | K45: 3 Tapes | N45: 59010 | O45: 59210 | P45: =O45-N45 -> 200 | W45: 63 x 1.4 | X45: 9000 | Y45: 11.995 | Z45: Off | AA45: 0 | AB45: 0 | AC45: Off | AD45: 46182 | AE45: ejanoth | AF45: Isopropanol | AG45: 46185 | AH45: alinden | AI45: 1 | AL45: 46188 | AQ45: =IFERROR(VLOOKUP(AP45,Stammdaten!$U$2:$V$3,2,FALSE),"")
A46: =TEXT(C46,"jjjj")&TEXT(C46,"MM")&TEXT(C46,"tt")&"_"&"2PP_"&E46 -> 20260609_2PP_Bus 50ym-4 | B46: 2PP-000044 | C46: 46182 | D46: ejanoth | E46: Bus 50ym-4 | G46: 20260205 3YSZ 78w% | H46: =IFERROR(VLOOKUP(G46,Stammdaten!$I$2:$J$5,2,FALSE),"") -> 20260205131700798-40543 | I46: Rechteck 1mm | J46: 20260609153436383-53136 | K46: 3 Tapes | N46: 59010 | O46: 59210 | P46: =O46-N46 -> 200 | W46: 63 x 1.4 | X46: 9000 | Y46: 11.995 | Z46: Off | AA46: 0 | AB46: 0 | AC46: Off | AD46: 46182 | AE46: ejanoth | AF46: Isopropanol | AG46: 46185 | AH46: alinden | AI46: 1 | AL46: 46188 | AQ46: =IFERROR(VLOOKUP(AP46,Stammdaten!$U$2:$V$3,2,FALSE),"")
A47: =TEXT(C47,"jjjj")&TEXT(C47,"MM")&TEXT(C47,"tt")&"_"&"2PP_"&E47 -> 20260609_2PP_Bus 50ym | B47: 2PP-000045 | C47: 46182 | D47: ejanoth | E47: Bus 50ym | G47: 20260205 3YSZ 78w% | H47: =IFERROR(VLOOKUP(G47,Stammdaten!$I$2:$J$5,2,FALSE),"") -> 20260205131700798-40543 | I47: Hybrid 0.1 Bohrung h0.75 | J47: 20260609155354152-53144 | K47: 2 Tapes | N47: 59129 | O47: 59239 | P47: =O47-N47 -> 110 | W47: 63 x 1.4 | X47: 9000 | Y47: 11.995 | Z47: Off | AA47: 0 | AB47: 0 | AC47: Off | AD47: 46182 | AE47: ejanoth | AF47: Isopropanol | AG47: 46185 | AH47: alinden | AI47: 1 | AL47: 46188 | AQ47: =IFERROR(VLOOKUP(AP47,Stammdaten!$U$2:$V$3,2,FALSE),"")
A48: =TEXT(C48,"jjjj")&TEXT(C48,"MM")&TEXT(C48,"tt")&"_"&"2PP_"&E48 -> 20260609_2PP_Bus 50ym-2 | B48: 2PP-000046 | C48: 46182 | D48: ejanoth | E48: Bus 50ym-2 | G48: 20260205 3YSZ 78w% | H48: =IFERROR(VLOOKUP(G48,Stammdaten!$I$2:$J$5,2,FALSE),"") -> 20260205131700798-40543 | I48: Hybrid 0.1 Bohrung h0.75 | J48: 20260609155354152-53144 | K48: 2 Tapes | N48: 59129 | O48: 59239 | P48: =O48-N48 -> 110 | W48: 63 x 1.4 | X48: 9000 | Y48: 11.995 | Z48: Off | AA48: 0 | AB48: 0 | AC48: Off | AD48: 46182 | AE48: ejanoth | AF48: Isopropanol | AG48: 46185 | AH48: alinden | AI48: 1 | AL48: 46188 | AQ48: =IFERROR(VLOOKUP(AP48,Stammdaten!$U$2:$V$3,2,FALSE),"")
A49: =TEXT(C49,"jjjj")&TEXT(C49,"MM")&TEXT(C49,"tt")&"_"&"2PP_"&E49 -> 20260609_2PP_Bus 50ym-3 | B49: 2PP-000047 | C49: 46182 | D49: ejanoth | E49: Bus 50ym-3 | G49: 20260205 3YSZ 78w% | H49: =IFERROR(VLOOKUP(G49,Stammdaten!$I$2:$J$5,2,FALSE),"") -> 20260205131700798-40543 | I49: Hybrid 0.1 Bohrung h0.75 | J49: 20260609155354152-53144 | K49: 2 Tapes | N49: 59129 | O49: 59239 | P49: =O49-N49 -> 110 | W49: 63 x 1.4 | X49: 9000 | Y49: 11.995 | Z49: Off | AA49: 0 | AB49: 0 | AC49: Off | AD49: 46182 | AE49: ejanoth | AF49: Isopropanol | AG49: 46185 | AH49: alinden | AI49: 1 | AL49: 46188 | AQ49: =IFERROR(VLOOKUP(AP49,Stammdaten!$U$2:$V$3,2,FALSE),"")
A50: =TEXT(C50,"jjjj")&TEXT(C50,"MM")&TEXT(C50,"tt")&"_"&"2PP_"&E50 -> 20260609_2PP_Bus 50ym-4 | B50: 2PP-000048 | C50: 46182 | D50: ejanoth | E50: Bus 50ym-4 | G50: 20260205 3YSZ 78w% | H50: =IFERROR(VLOOKUP(G50,Stammdaten!$I$2:$J$5,2,FALSE),"") -> 20260205131700798-40543 | I50: Hybrid 0.1 Bohrung h0.75 | J50: 20260609155354152-53144 | K50: 2 Tapes | N50: 59129 | O50: 59239 | P50: =O50-N50 -> 110 | W50: 63 x 1.4 | X50: 9000 | Y50: 11.995 | Z50: Off | AA50: 0 | AB50: 0 | AC50: Off | AD50: 46182 | AE50: ejanoth | AF50: Isopropanol | AG50: 46185 | AH50: alinden | AI50: 1 | AL50: 46188 | AQ50: =IFERROR(VLOOKUP(AP50,Stammdaten!$U$2:$V$3,2,FALSE),"")
A51: =TEXT(C51,"jjjj")&TEXT(C51,"MM")&TEXT(C51,"tt")&"_"&"2PP_"&E51 -> 19000100_2PP_Okawa grid | B51: 2PP-000049 | E51: Okawa grid | H51: =IFERROR(VLOOKUP(G51,Stammdaten!$I$2:$J$4,2,FALSE),"") | P51: =O51-N51 -> 0 | AG51: 46190 | AH51: alinden | AI51: 1 | AQ51: =IFERROR(VLOOKUP(AP51,Stammdaten!$U$2:$V$3,2,FALSE),"")
A52: =TEXT(C52,"jjjj")&TEXT(C52,"MM")&TEXT(C52,"tt")&"_"&"2PP_"&E52 -> 20260615_2PP_BCC Lattice Tests | B52: 2PP-000050 | C52: 46188 | D52: alinden | E52: BCC Lattice Tests | G52: 20260205 3YSZ 78w% | H52: =IFERROR(VLOOKUP(G52,Stammdaten!$I$2:$J$4,2,FALSE),"") -> 20260205131700798-40543 | I52: 20260203 UV-Sheet 10 | J52: 20260203153714534-40209 | K52: 3 Tapes | N52: 59557 | O52: 59737 | P52: =O52-N52 -> 180 | W52: 63 x 1.4 | X52: 9000 | Y52: 12.014 | Z52: Off | AA52: 0 | AB52: 0 | AC52: Off | AD52: 46189 | AE52: alinden | AF52: Isopropanol | AG52: 46190 | AH52: alinden | AI52: 1 | AQ52: =IFERROR(VLOOKUP(AP52,Stammdaten!$U$2:$V$3,2,FALSE),"")
A53: =TEXT(C53,"jjjj")&TEXT(C53,"MM")&TEXT(C53,"tt")&"_"&"2PP_"&E53 -> 20260615_2PP_3-point-bending V01 | B53: 2PP-000051 | C53: 46188 | D53: alinden | E53: 3-point-bending V01 | G53: 20260205 3YSZ 78w% | H53: =IFERROR(VLOOKUP(G53,Stammdaten!$I$2:$J$4,2,FALSE),"") -> 20260205131700798-40543 | I53: 20260203 UV-Sheet 10 | J53: 20260203153714534-40209 | K53: 3 Tapes | N53: 59557 | O53: 59737 | P53: =O53-N53 -> 180 | W53: 63 x 1.4 | X53: 9000 | Y53: 12.014 | Z53: Off | AA53: 0 | AB53: 0 | AC53: Off | AD53: 46189 | AE53: alinden | AF53: Isopropanol | AG53: 46190 | AH53: alinden | AI53: 1 | AQ53: =IFERROR(VLOOKUP(AP53,Stammdaten!$U$2:$V$3,2,FALSE),"")
A54: =TEXT(C54,"jjjj")&TEXT(C54,"MM")&TEXT(C54,"tt")&"_"&"2PP_"&E54 -> 20260616_2PP_Zylinder_5x5x10ym | B54: 2PP-000052 | C54: 46189 | D54: swiedeha | E54: Zylinder_5x5x10ym | G54: 20260205 3YSZ 78w% | H54: =IFERROR(VLOOKUP(G54,Stammdaten!$I$2:$J$4,2,FALSE),"") -> 20260205131700798-40543 | I54: UV-Sheet-0008-2 | J54: 20260609094439480-53111 | K54: 3 Tapes | N54: 59620 | O54: 59789 | P54: =O54-N54 -> 169 | W54: 63 x 1.4 | X54: 9000 | Y54: 11.944 | Z54: Off | AA54: 0 | AB54: 0 | AC54: Off | AG54: 46190 | AH54: alinden | AI54: 1 | AQ54: =IFERROR(VLOOKUP(AP54,Stammdaten!$U$2:$V$3,2,FALSE),"")
A55: =TEXT(C55,"jjjj")&TEXT(C55,"MM")&TEXT(C55,"tt")&"_"&"2PP_"&E55 -> 20260616_2PP_Zylinder_15x15x30ym | B55: 2PP-000053 | C55: 46189 | D55: swiedeha | E55: Zylinder_15x15x30ym | G55: 20260205 3YSZ 78w% | H55: 20260205131700798-40543 | I55: UV-Sheet-0008-2 | J55: 20260609094439480-53111 | K55: 3 Tapes | N55: 59620 | O55: 59789 | P55: =O55-N55 -> 169 | W55: 63 x 1.4 | X55: 9000 | Y55: 11.944 | Z55: Off | AA55: 0 | AB55: 0 | AC55: Off | AG55: 46190 | AH55: alinden | AI55: 1 | AQ55: =IFERROR(VLOOKUP(AP55,Stammdaten!$U$2:$V$3,2,FALSE),"")
A56: =TEXT(C56,"jjjj")&TEXT(C56,"MM")&TEXT(C56,"tt")&"_"&"2PP_"&E56 -> 20260616_2PP_Seerose 100 ym | B56: 2PP-000054 | C56: 46189 | D56: ejanoth | E56: Seerose 100 ym | G56: 20260205 3YSZ 78w% | H56: 20260205131700798-40543 | I56: Hybrid mit durchgehender Bohrung | J56: 20260609160921677-53158 | K56: 1 Tape | N56: 33859 | O56: 33977 | P56: =O56-N56 -> 118 | W56: 20 x 0.45 | X56: 9000 | Y56: 11.944 | Z56: Off | AA56: 0 | AB56: 0 | AC56: Off | AD56: 46189 | AE56: ejanoth | AF56: Ethanol | AG56: 46190 | AH56: alinden | AI56: 1 | AL56: 46191 | AQ56: =IFERROR(VLOOKUP(AP56,Stammdaten!$U$2:$V$3,2,FALSE),"")
A57: =TEXT(C57,"jjjj")&TEXT(C57,"MM")&TEXT(C57,"tt")&"_"&"2PP_"&E57 -> 20260616_2PP_Seerose 200 ym | B57: 2PP-000055 | C57: 46189 | D57: ejanoth | E57: Seerose 200 ym | G57: 20260205 3YSZ 78w% | H57: 20260205131700798-40543 | I57: Hybrid mit durchgehender Bohrung | J57: 20260609160921677-53158 | K57: 1 Tape | N57: 33859 | O57: 33977 | P57: =O57-N57 -> 118 | W57: 20 x 0.45 | X57: 9000 | Y57: 11.944 | Z57: Off | AA57: 0 | AB57: 0 | AC57: Off | AD57: 46189 | AE57: ejanoth | AF57: Ethanol | AG57: 46190 | AH57: alinden | AI57: 1 | AL57: 46191 | AQ57: =IFERROR(VLOOKUP(AP57,Stammdaten!$U$2:$V$3,2,FALSE),"")
A58: =TEXT(C58,"jjjj")&TEXT(C58,"MM")&TEXT(C58,"tt")&"_"&"2PP_"&E58 -> 20260616_2PP_Seerose 300 ym | B58: 2PP-000056 | C58: 46189 | D58: ejanoth | E58: Seerose 300 ym | G58: 20260205 3YSZ 78w% | H58: 20260205131700798-40543 | I58: Hybrid mit durchgehender Bohrung | J58: 20260609160921677-53158 | K58: 1 Tape | N58: 33859 | O58: 33977 | P58: =O58-N58 -> 118 | W58: 20 x 0.45 | X58: 9000 | Y58: 11.944 | Z58: Off | AA58: 0 | AB58: 0 | AC58: Off | AD58: 46189 | AE58: ejanoth | AF58: Ethanol | AG58: 46190 | AH58: alinden | AI58: 1 | AL58: 46191 | AQ58: =IFERROR(VLOOKUP(AP58,Stammdaten!$U$2:$V$3,2,FALSE),"")
A59: =TEXT(C59,"jjjj")&TEXT(C59,"MM")&TEXT(C59,"tt")&"_"&"2PP_"&E59 -> 20260616_2PP_Seerose 400 ym | B59: 2PP-000057 | C59: 46189 | D59: ejanoth | E59: Seerose 400 ym | G59: 20260205 3YSZ 78w% | H59: 20260205131700798-40543 | I59: Hybrid mit durchgehender Bohrung | J59: 20260609160921677-53158 | K59: 1 Tape | N59: 33859 | O59: 33977 | P59: =O59-N59 -> 118 | W59: 20 x 0.45 | X59: 9000 | Y59: 11.944 | Z59: Off | AA59: 0 | AB59: 0 | AC59: Off | AD59: 46189 | AE59: ejanoth | AF59: Ethanol | AG59: 46190 | AH59: alinden | AI59: 1 | AL59: 46191 | AQ59: =IFERROR(VLOOKUP(AP59,Stammdaten!$U$2:$V$3,2,FALSE),"")
A60: =TEXT(C60,"jjjj")&TEXT(C60,"MM")&TEXT(C60,"tt")&"_"&"2PP_"&E60 -> 20260616_2PP_Seerose 200 ym | B60: 2PP-000058 | C60: 46189 | D60: ejanoth | E60: Seerose 200 ym | G60: 20260205 3YSZ 78w% | H60: 20260205131700798-40543 | I60: Hybrid mit durchgehender Bohrung | J60: 20260609160921677-53158 | K60: 1 Tape | N60: 33859 | O60: 33977 | P60: =O60-N60 -> 118 | W60: 20 x 0.45 | X60: 9000 | Y60: 11.944 | Z60: Off | AA60: 0 | AB60: 0 | AC60: Off | AD60: 46189 | AE60: ejanoth | AF60: Ethanol | AG60: 46190 | AH60: alinden | AI60: 1 | AL60: 46191 | AQ60: =IFERROR(VLOOKUP(AP60,Stammdaten!$U$2:$V$3,2,FALSE),"")
A61: =TEXT(C61,"jjjj")&TEXT(C61,"MM")&TEXT(C61,"tt")&"_"&"2PP_"&E61 -> 20260616_2PP_Seerose 300 ym | B61: 2PP-000059 | C61: 46189 | D61: ejanoth | E61: Seerose 300 ym | G61: 20260205 3YSZ 78w% | H61: 20260205131700798-40543 | I61: Hybrid mit durchgehender Bohrung | J61: 20260609160921677-53158 | K61: 1 Tape | N61: 33859 | O61: 33977 | P61: =O61-N61 -> 118 | W61: 20 x 0.45 | X61: 9000 | Y61: 11.944 | Z61: Off | AA61: 0 | AB61: 0 | AC61: Off | AD61: 46189 | AE61: ejanoth | AF61: Ethanol | AG61: 46190 | AH61: alinden | AI61: 1 | AL61: 46191 | AQ61: =IFERROR(VLOOKUP(AP61,Stammdaten!$U$2:$V$3,2,FALSE),"")
A62: =TEXT(C62,"jjjj")&TEXT(C62,"MM")&TEXT(C62,"tt")&"_"&"2PP_"&E62 -> 20260623_2PP_speed modulation tests | B62: 2PP-000060 | C62: 46196 | D62: alinden | E62: speed modulation tests | G62: 20260205 3YSZ 78w% | H62: =IFERROR(VLOOKUP(G62,Stammdaten!$I$2:$J$4,2,FALSE),"") -> 20260205131700798-40543 | I62: 20260203 UV-Sheet 05 | J62: 20260203153334077-40204 | K62: 3 Tapes | N62: 59622 | O62: 59798 | P62: =O62-N62 -> 176 | W62: 63 x 1.4 | X62: 9000 | Y62: 12.272 | Z62: Off | AA62: 0 | AB62: 0 | AC62: Off | AD62: 46196 | AE62: alinden | AF62: Isopropanol | AQ62: =IFERROR(VLOOKUP(AP62,Stammdaten!$U$2:$V$3,2,FALSE),"")
A63: =TEXT(C63,"jjjj")&TEXT(C63,"MM")&TEXT(C63,"tt")&"_"&"2PP_"&E63 -> 20260623_2PP_power modulation tests | B63: 2PP-000061 | C63: 46196 | D63: alinden | E63: power modulation tests | G63: 20260205 3YSZ 78w% | H63: =IFERROR(VLOOKUP(G63,Stammdaten!$I$2:$J$4,2,FALSE),"") -> 20260205131700798-40543 | I63: 20260203 UV-Sheet 05 | J63: 20260203153334077-40204 | K63: 3 Tapes | N63: 59622 | O63: 59798 | P63: =O63-N63 -> 176 | W63: 63 x 1.4 | X63: 9000 | Y63: 12.272 | Z63: Off | AA63: 0 | AB63: 0 | AC63: Off | AD63: 46196 | AE63: alinden | AF63: Isopropanol | AQ63: =IFERROR(VLOOKUP(AP63,Stammdaten!$U$2:$V$3,2,FALSE),"")
A64: =TEXT(C64,"jjjj")&TEXT(C64,"MM")&TEXT(C64,"tt")&"_"&"2PP_"&E64 -> 20260623_2PP_pause modulation tests | B64: 2PP-000062 | C64: 46196 | D64: alinden | E64: pause modulation tests | G64: 20260205 3YSZ 78w% | H64: =IFERROR(VLOOKUP(G64,Stammdaten!$I$2:$J$4,2,FALSE),"") -> 20260205131700798-40543 | I64: 20260203 UV-Sheet 05 | J64: 20260203153334077-40204 | K64: 3 Tapes | N64: 59622 | O64: 59798 | P64: =O64-N64 -> 176 | W64: 63 x 1.4 | X64: 9000 | Y64: 12.272 | Z64: Off | AA64: 0 | AB64: 0 | AC64: Off | AD64: 46196 | AE64: alinden | AF64: Isopropanol | AQ64: =IFERROR(VLOOKUP(AP64,Stammdaten!$U$2:$V$3,2,FALSE),"")
A65: =TEXT(C65,"jjjj")&TEXT(C65,"MM")&TEXT(C65,"tt")&"_"&"2PP_"&E65 -> 20260623_2PP_cubes u Schwarz P array nanoindent(8mW) | B65: 2PP-000063 | C65: 46196 | D65: alinden | E65: cubes u Schwarz P array nanoindent(8mW) | G65: 20260205 3YSZ 78w% | H65: =IFERROR(VLOOKUP(G65,Stammdaten!$I$2:$J$4,2,FALSE),"") -> 20260205131700798-40543 | I65: 20260203 UV-Sheet 05 | J65: 20260203153334077-40204 | K65: 3 Tapes | N65: 59622 | O65: 59798 | P65: =O65-N65 -> 176 | W65: 63 x 1.4 | X65: 9000 | Y65: 12.272 | Z65: Off | AA65: -0.272 | AB65: 0.639 | AC65: On | AD65: 46196 | AE65: alinden | AF65: Isopropanol | AQ65: =IFERROR(VLOOKUP(AP65,Stammdaten!$U$2:$V$3,2,FALSE),"")
A66: =TEXT(C66,"jjjj")&TEXT(C66,"MM")&TEXT(C66,"tt")&"_"&"2PP_"&E66 -> 20260623_2PP_cubes u Schwarz P array nanoindent(8mW) | B66: 2PP-000064 | C66: 46196 | D66: alinden | E66: cubes u Schwarz P array nanoindent(8mW) | G66: 20260205 3YSZ 78w% | H66: =IFERROR(VLOOKUP(G66,Stammdaten!$I$2:$J$4,2,FALSE),"") -> 20260205131700798-40543 | I66: 20260203 UV-Sheet 05 | J66: 20260203153334077-40204 | K66: 3 Tapes | N66: 59622 | O66: 59798 | P66: =O66-N66 -> 176 | W66: 63 x 1.4 | X66: 9000 | Y66: 12.272 | Z66: Off | AC66: On | AD66: 46196 | AE66: alinden | AF66: Isopropanol | AQ66: =IFERROR(VLOOKUP(AP66,Stammdaten!$U$2:$V$3,2,FALSE),"")
A67: =TEXT(C67,"jjjj")&TEXT(C67,"MM")&TEXT(C67,"tt")&"_"&"2PP_"&E67 -> 20260623_2PP_cubes u Schwarz P array nanoindent(8mW) | B67: 2PP-000065 | C67: 46196 | D67: alinden | E67: cubes u Schwarz P array nanoindent(8mW) | G67: 20260205 3YSZ 78w% | H67: =IFERROR(VLOOKUP(G67,Stammdaten!$I$2:$J$4,2,FALSE),"") -> 20260205131700798-40543 | I67: UV-Sheet-0008-3 | J67: 20260609094441331-53114 | K67: 3 Tapes | W67: 63 x 1.4 | X67: 9000 | Y67: 12.272 | Z67: Off | AC67: On | AQ67: =IFERROR(VLOOKUP(AP67,Stammdaten!$U$2:$V$3,2,FALSE),"")
A68: =TEXT(C68,"jjjj")&TEXT(C68,"MM")&TEXT(C68,"tt")&"_"&"2PP_"&E68 -> 19000100_2PP_ | B68: 2PP-000066 | H68: =IFERROR(VLOOKUP(G68,Stammdaten!$I$2:$J$4,2,FALSE),"") | AQ68: =IFERROR(VLOOKUP(AP68,Stammdaten!$U$2:$V$3,2,FALSE),"")
A69: =TEXT(C69,"jjjj")&TEXT(C69,"MM")&TEXT(C69,"tt")&"_"&"2PP_"&E69 -> 19000100_2PP_ | B69: 2PP-000067 | H69: =IFERROR(VLOOKUP(G69,Stammdaten!$I$2:$J$4,2,FALSE),"") | AQ69: =IFERROR(VLOOKUP(AP69,Stammdaten!$U$2:$V$3,2,FALSE),"")
A70: =TEXT(C70,"jjjj")&TEXT(C70,"MM")&TEXT(C70,"tt")&"_"&"2PP_"&E70 -> 19000100_2PP_ | B70: 2PP-000068 | H70: =IFERROR(VLOOKUP(G70,Stammdaten!$I$2:$J$4,2,FALSE),"") | AQ70: =IFERROR(VLOOKUP(AP70,Stammdaten!$U$2:$V$3,2,FALSE),"")
A71: =TEXT(C71,"jjjj")&TEXT(C71,"MM")&TEXT(C71,"tt")&"_"&"2PP_"&E71 -> 19000100_2PP_ | B71: 2PP-000069 | H71: =IFERROR(VLOOKUP(G71,Stammdaten!$I$2:$J$4,2,FALSE),"") | AQ71: =IFERROR(VLOOKUP(AP71,Stammdaten!$U$2:$V$3,2,FALSE),"")
A72: =TEXT(C72,"jjjj")&TEXT(C72,"MM")&TEXT(C72,"tt")&"_"&"2PP_"&E72 -> 19000100_2PP_ | B72: 2PP-000070 | H72: =IFERROR(VLOOKUP(G72,Stammdaten!$I$2:$J$4,2,FALSE),"") | AQ72: =IFERROR(VLOOKUP(AP72,Stammdaten!$U$2:$V$3,2,FALSE),"")
A73: =TEXT(C73,"jjjj")&TEXT(C73,"MM")&TEXT(C73,"tt")&"_"&"2PP_"&E73 -> 19000100_2PP_ | B73: 2PP-000071 | H73: =IFERROR(VLOOKUP(G73,Stammdaten!$I$2:$J$4,2,FALSE),"") | AQ73: =IFERROR(VLOOKUP(AP73,Stammdaten!$U$2:$V$3,2,FALSE),"")
A74: =TEXT(C74,"jjjj")&TEXT(C74,"MM")&TEXT(C74,"tt")&"_"&"2PP_"&E74 -> 19000100_2PP_ | B74: 2PP-000072 | H74: =IFERROR(VLOOKUP(G74,Stammdaten!$I$2:$J$4,2,FALSE),"") | AQ74: =IFERROR(VLOOKUP(AP74,Stammdaten!$U$2:$V$3,2,FALSE),"")
A75: =TEXT(C75,"jjjj")&TEXT(C75,"MM")&TEXT(C75,"tt")&"_"&"2PP_"&E75 -> 19000100_2PP_ | B75: 2PP-000073 | H75: =IFERROR(VLOOKUP(G75,Stammdaten!$I$2:$J$4,2,FALSE),"") | AQ75: =IFERROR(VLOOKUP(AP75,Stammdaten!$U$2:$V$3,2,FALSE),"")
A76: =TEXT(C76,"jjjj")&TEXT(C76,"MM")&TEXT(C76,"tt")&"_"&"2PP_"&E76 -> 19000100_2PP_ | B76: 2PP-000074 | H76: =IFERROR(VLOOKUP(G76,Stammdaten!$I$2:$J$4,2,FALSE),"") | AQ76: =IFERROR(VLOOKUP(AP76,Stammdaten!$U$2:$V$3,2,FALSE),"")
B77: 2PP-000075 | H77: =IFERROR(VLOOKUP(G77,Stammdaten!$I$2:$J$4,2,FALSE),"") | AQ77: =IFERROR(VLOOKUP(AP77,Stammdaten!$U$2:$V$3,2,FALSE),"")
B78: 2PP-000076 | H78: =IFERROR(VLOOKUP(G78,Stammdaten!$I$2:$J$4,2,FALSE),"") | AQ78: =IFERROR(VLOOKUP(AP78,Stammdaten!$U$2:$V$3,2,FALSE),"")
B79: 2PP-000077 | H79: =IFERROR(VLOOKUP(G79,Stammdaten!$I$2:$J$4,2,FALSE),"") | AQ79: =IFERROR(VLOOKUP(AP79,Stammdaten!$U$2:$V$3,2,FALSE),"")
B80: 2PP-000078 | H80: =IFERROR(VLOOKUP(G80,Stammdaten!$I$2:$J$4,2,FALSE),"") | AQ80: =IFERROR(VLOOKUP(AP80,Stammdaten!$U$2:$V$3,2,FALSE),"")
B81: 2PP-000079 | H81: =IFERROR(VLOOKUP(G81,Stammdaten!$I$2:$J$4,2,FALSE),"") | AQ81: =IFERROR(VLOOKUP(AP81,Stammdaten!$U$2:$V$3,2,FALSE),"")
B82: 2PP-000080 | H82: =IFERROR(VLOOKUP(G82,Stammdaten!$I$2:$J$4,2,FALSE),"") | AQ82: =IFERROR(VLOOKUP(AP82,Stammdaten!$U$2:$V$3,2,FALSE),"")
B83: 2PP-000081 | H83: =IFERROR(VLOOKUP(G83,Stammdaten!$I$2:$J$4,2,FALSE),"") | AQ83: =IFERROR(VLOOKUP(AP83,Stammdaten!$U$2:$V$3,2,FALSE),"")
B84: 2PP-000082 | H84: =IFERROR(VLOOKUP(G84,Stammdaten!$I$2:$J$4,2,FALSE),"") | AQ84: =IFERROR(VLOOKUP(AP84,Stammdaten!$U$2:$V$3,2,FALSE),"")
H85: =IFERROR(VLOOKUP(G85,Stammdaten!$I$2:$J$4,2,FALSE),"") | AQ85: =IFERROR(VLOOKUP(AP85,Stammdaten!$U$2:$V$3,2,FALSE),"")
H86: =IFERROR(VLOOKUP(G86,Stammdaten!$I$2:$J$4,2,FALSE),"") | AQ86: =IFERROR(VLOOKUP(AP86,Stammdaten!$U$2:$V$3,2,FALSE),"")
H87: =IFERROR(VLOOKUP(G87,Stammdaten!$I$2:$J$4,2,FALSE),"") | AQ87: =IFERROR(VLOOKUP(AP87,Stammdaten!$U$2:$V$3,2,FALSE),"")
H88: =IFERROR(VLOOKUP(G88,Stammdaten!$I$2:$J$4,2,FALSE),"") | AQ88: =IFERROR(VLOOKUP(AP88,Stammdaten!$U$2:$V$3,2,FALSE),"")
H89: =IFERROR(VLOOKUP(G89,Stammdaten!$I$2:$J$4,2,FALSE),"") | AQ89: =IFERROR(VLOOKUP(AP89,Stammdaten!$U$2:$V$3,2,FALSE),"")
H90: =IFERROR(VLOOKUP(G90,Stammdaten!$I$2:$J$4,2,FALSE),"") | AQ90: =IFERROR(VLOOKUP(AP90,Stammdaten!$U$2:$V$3,2,FALSE),"")
H91: =IFERROR(VLOOKUP(G91,Stammdaten!$I$2:$J$4,2,FALSE),"") | AQ91: =IFERROR(VLOOKUP(AP91,Stammdaten!$U$2:$V$3,2,FALSE),"")
H92: =IFERROR(VLOOKUP(G92,Stammdaten!$I$2:$J$4,2,FALSE),"") | AQ92: =IFERROR(VLOOKUP(AP92,Stammdaten!$U$2:$V$3,2,FALSE),"")
H93: =IFERROR(VLOOKUP(G93,Stammdaten!$I$2:$J$4,2,FALSE),"") | AQ93: =IFERROR(VLOOKUP(AP93,Stammdaten!$U$2:$V$3,2,FALSE),"")
H94: =IFERROR(VLOOKUP(G94,Stammdaten!$I$2:$J$4,2,FALSE),"") | AQ94: =IFERROR(VLOOKUP(AP94,Stammdaten!$U$2:$V$3,2,FALSE),"")
H95: =IFERROR(VLOOKUP(G95,Stammdaten!$I$2:$J$4,2,FALSE),"") | AQ95: =IFERROR(VLOOKUP(AP95,Stammdaten!$U$2:$V$3,2,FALSE),"")
H96: =IFERROR(VLOOKUP(G96,Stammdaten!$I$2:$J$4,2,FALSE),"") | AQ96: =IFERROR(VLOOKUP(AP96,Stammdaten!$U$2:$V$3,2,FALSE),"")
... H106: =IFERROR(VLOOKUP(G106,Stammdaten!$I$2:$J$4,2,FALSE),"") | AQ106: =IFERROR(VLOOKUP(AP106,Stammdaten!$U$2:$V$3,2,FALSE),"")
AQ107: =IFERROR(VLOOKUP(AP107,Stammdaten!$U$2:$V$3,2,FALSE),"")
AQ108: =IFERROR(VLOOKUP(AP108,Stammdaten!$U$2:$V$3,2,FALSE),"")
AQ109: =IFERROR(VLOOKUP(AP109,Stammdaten!$U$2:$V$3,2,FALSE),"")
...

Sheet Stammdaten
A1: Print # | B1: Print date | C1: Name | D1: Print object | E1: Lense | F1: z0 | G1: zmax | H1: max z height [µm] | I1: Resin | J1: Resin ID | K1: Substrate | L1: Substrate ID | M1: Infinite FOV | N1: Tilt compensation | O1: Washing date | P1: Washing solvent | Q1: CPD date | R1: CPD settings | S1: SEM green state | T1: SEM sintered | U1: Furnace | V1: Furnace ID | W1: OpenBIS
C2: Name | E2: 63 x 1.4 | I2: 20260205 3YSZ 78w% | J2: 20260205131700798-40543 | M2: On | N2: On | P2: Isopropanol | U2: LinnTherm 7 | V2: 20251113141738982-20612 | W2: Yes
C3: jmuelle4 | E3: 20 x 0.45 | I3: 20260126 8YSZ 75w% | J3: 20260126125322691-38571 | M3: Off | N3: Off | U3: LinnTherm 10 | V3: 20251027120457399-19808 | W3: No
C4: alinden | I4: 20250616 3YSZ in PEG-DA for 2PP-Kombi | J4: 20251209154344843-23579
C5: fblessma | I5: 20261107 3YSZ 78w% | J5: 20251113100232864-20580
C6: ejanoth
C7: swiedeha
C8: fblessma | I8: 20260528 8YSZ 78wt% | J8: 20260528144122603-52269
